IP Address,Host,Windows
10.0.0.1,host1,no
10.0.0.2,host2,no
10.0.0.3,host3,no
10.0.0.4,host4,no
10.0.0.5,host5,no
10.0.0.6,host6,no
10.0.0.7,host7,no
10.0.0.8,host8,no
10.0.0.9,host9,no
10.0.0.10,host10,no
10.0.0.11,host11,no
10.0.0.12,host12,no
10.0.0.13,host13,no
10.0.0.14,host14,no
10.0.0.15,flood-1,no
10.0.0.16,host-16,no
10.0.0.17,host-17,no
10.0.0.18,host-18,no
10.0.0.19,host-19,no
10.0.0.20,host-20,no
10.0.0.21,host-21,no
10.0.0.22,host-22,no
10.0.0.23,host-23,no
10.0.0.24,host-24,no
10.0.0.25,host-25,no
10.0.0.26,host-26,no
10.0.0.27,host-27,no
10.0.0.28,host-28,no
10.0.0.29,host-29,no
10.0.0.30,host-30,no
10.0.0.31,host-31,no
10.0.0.32,host-32,no
10.0.0.33,host-33,no
10.0.0.34,host-34,no
10.0.0.35,host-35,no
10.0.0.36,host-36,no
10.0.0.37,host-37,no
10.0.0.38,host-38,no
10.0.0.39,host-39,no
10.0.0.40,host-40,no
10.0.0.41,host-41,no
10.0.0.42,host-42,no
10.0.0.43,host-43,no
10.0.0.44,host-44,no
10.0.0.45,host-45,no
10.0.0.46,host-46,no
10.0.0.47,host-47,no
10.0.0.48,host-48,no
10.0.0.49,host-49,no
10.0.0.50,host-50,no
10.0.0.51,host-51,no
10.0.0.52,host-52,no
10.0.0.53,host-53,no
10.0.0.54,host-54,no
10.0.0.55,host-55,no
10.0.0.56,host-56,no
10.0.0.57,host-57,no
10.0.0.58,host-58,no
10.0.0.59,host-59,no
10.0.0.60,host-60,no
10.0.0.61,host-61,no
10.0.0.62,host-62,no
10.0.0.63,host-63,no
10.0.0.64,host-64,no
10.0.0.65,host-65,no
10.0.0.66,host-66,no
10.0.0.67,host-67,no
10.0.0.68,host-68,no
10.0.0.69,host-69,no
10.0.0.70,host-70,no
10.0.0.71,host-71,no
10.0.0.72,host-72,no
10.0.0.73,host-73,no
10.0.0.74,host-74,no
10.0.0.75,host-75,no
10.0.0.76,host-76,no
10.0.0.77,host-77,no
10.0.0.78,host-78,no
10.0.0.79,host-79,no
10.0.0.80,host-80,no
10.0.0.81,host-81,no
10.0.0.82,host-82,no
10.0.0.83,host-83,no
10.0.0.84,host-84,no
10.0.0.85,host-85,no
10.0.0.86,host-86,no
10.0.0.87,host-87,no
10.0.0.88,host-88,no
10.0.0.89,host-89,no
10.0.0.90,host-90,no
10.0.0.91,host-91,no
10.0.0.92,host-92,no
10.0.0.93,host-93,no
10.0.0.94,host-94,no
10.0.0.95,host-95,no
10.0.0.96,host-96,no
10.0.0.97,host-97,no
10.0.0.98,host-98,no
10.0.0.99,host-99,no
10.0.0.100,host-100,no
10.0.0.101,host-101,no
10.0.0.102,host-102,no
10.0.0.103,host-103,no
10.0.0.104,host-104,no
10.0.0.105,host-105,no
10.0.0.106,host-106,no
10.0.0.107,host-107,no
10.0.0.108,host-108,no
10.0.0.109,host-109,no
10.0.0.110,host-110,no
10.0.0.111,host-111,no
10.0.0.112,host-112,no
10.0.0.113,host-113,no
10.0.0.114,host-114,no
10.0.0.115,host-115,no
10.0.0.116,host-116,no
10.0.0.117,host-117,no
10.0.0.118,host-118,no
10.0.0.119,host-119,no
10.0.0.120,host-120,no
10.0.0.121,host-121,no
10.0.0.122,host-122,no
10.0.0.123,host-123,no
10.0.0.124,host-124,no
10.0.0.125,host-125,no
10.0.0.126,host-126,no
10.0.0.127,host-127,no
10.0.0.128,host-128,no
10.0.0.129,host-129,no
10.0.0.130,host-130,no
10.0.0.131,host-131,no
10.0.0.132,host-132,no
10.0.0.133,host-133,no
10.0.0.134,host-134,no
10.0.0.135,host-135,no
10.0.0.136,host-136,no
10.0.0.137,host-137,no
10.0.0.138,host-138,no
10.0.0.139,host-139,no
10.0.0.140,host-140,no
10.0.0.141,host-141,no
10.0.0.142,host-142,no
10.0.0.143,host-143,no
10.0.0.144,host-144,no
10.0.0.145,host-145,no
10.0.0.146,host-146,no
10.0.0.147,host-147,no
10.0.0.148,host-148,no
10.0.0.149,host-149,no
10.0.0.150,host-150,no
10.0.0.151,host-151,no
10.0.0.152,host-152,no
10.0.0.153,host-153,no
10.0.0.154,host-154,no
10.0.0.155,host-155,no
10.0.0.156,host-156,no
10.0.0.157,host-157,no
10.0.0.158,host-158,no
10.0.0.159,host-159,no
10.0.0.160,host-160,no
10.0.0.161,host-161,no
10.0.0.162,host-162,no
10.0.0.163,host-163,no
10.0.0.164,host-164,no
10.0.0.165,host-165,no
10.0.0.166,host-166,no
10.0.0.167,host-167,no
10.0.0.168,host-168,no
10.0.0.169,host-169,no
10.0.0.170,host-170,no
10.0.0.171,host-171,no
10.0.0.172,host-172,no
10.0.0.173,host-173,no
10.0.0.174,host-174,no
10.0.0.175,host-175,no
10.0.0.176,host-176,no
10.0.0.177,host-177,no
10.0.0.178,host-178,no
10.0.0.179,host-179,no
10.0.0.180,host-180,no
10.0.0.181,host-181,no
10.0.0.182,host-182,no
10.0.0.183,host-183,no
10.0.0.184,host-184,no
10.0.0.185,host-185,no
10.0.0.186,host-186,no
10.0.0.187,host-187,no
10.0.0.188,host-188,no
10.0.0.189,host-189,no
10.0.0.190,host-190,no
10.0.0.191,host-191,no
10.0.0.192,host-192,no
10.0.0.193,host-193,no
10.0.0.194,host-194,no
10.0.0.195,host-195,no
10.0.0.196,host-196,no
10.0.0.197,host-197,no
10.0.0.198,host-198,no
10.0.0.199,host-199,no
10.0.0.200,host-200,no
10.0.0.201,host-201,no
10.0.0.202,host-202,no
10.0.0.203,host-203,no
10.0.0.204,host-204,no
10.0.0.205,host-205,no
10.0.0.206,host-206,no
10.0.0.207,host-207,no
10.0.0.208,host-208,no
10.0.0.209,host-209,no
10.0.0.210,host-210,no
10.0.0.211,host-211,no
10.0.0.212,host-212,no
10.0.0.213,host-213,no
10.0.0.214,host-214,no
10.0.0.215,host-215,no
10.0.0.216,host-216,no
10.0.0.217,host-217,no
10.0.0.218,host-218,no
10.0.0.219,host-219,no
10.0.0.220,host-220,no
10.0.0.221,host-221,no
10.0.0.222,host-222,no
10.0.0.223,host-223,no
10.0.0.224,host-224,no
10.0.0.225,host-225,no
10.0.0.226,host-226,no
10.0.0.227,host-227,no
10.0.0.228,host-228,no
10.0.0.229,host-229,no
10.0.0.230,host-230,no
10.0.0.231,host-231,no
10.0.0.232,host-232,no
10.0.0.233,host-233,no
10.0.0.234,host-234,no
10.0.0.235,host-235,no
10.0.0.236,host-236,no
10.0.0.237,host-237,no
10.0.0.238,host-238,no
10.0.0.239,host-239,no
10.0.0.240,host-240,no
10.0.0.241,host-241,no
10.0.0.242,host-242,no
10.0.0.243,host-243,no
10.0.0.244,host-244,no
10.0.0.245,host-245,no
10.0.0.246,host-246,no
10.0.0.247,host-247,no
10.0.0.248,host-248,no
10.0.0.249,host-249,no
10.0.0.250,host-250,no
10.0.0.251,host-251,no
10.0.0.252,host-252,no
10.0.0.253,host-253,no
10.0.0.254,host-254,no
10.0.0.255,host-255,no
10.0.0.256,host-256,no
